x,y,vs30,pga
-15.110220440881765,0,450,0.06895535981848253
9.018036072144287,0,450,0.17476950580327633
