x,y,vs30,mu_logIM,tau_logIM,phi_logIM,obs_logIM
-15.110220440881765,0,450,-1.8916712836324217,0.3581,0.6375,-2.6742959429056845
9.018036072144287,0,450,-1.37721202233312,0.3581,0.6375,-1.7442872829055462
